ranking,disease,num_deaths,pct_deaths
1,TUBERCULOSIS,75495,64.2144479318176
2,DIPHTHERIA,20650,17.564452610001105
3,TYPHOID FEVER,11756,9.99940459482678
4,WHOOPING COUGH,5202,4.424711015846283
5,SCARLET FEVER,4102,3.4890743150714063
6,YELLOW FEVER,344,0.29259911369687075
7,VARIOLOID,8,0.006804630551090016
8,TYPHUS FEVER,6,0.005103472913317513
9,CHOLERA,4,0.003402315275545008
